/Users/satya/Desktop/Personal/CodeDataset/1.java,n_square
/Users/satya/Desktop/Personal/CodeDataset/2.java,n
/Users/satya/Desktop/Personal/CodeDataset/3.java,n
/Users/satya/Desktop/Personal/CodeDataset/4.java,n
/Users/satya/Desktop/Personal/CodeDataset/5.java,logn
/Users/satya/Desktop/Personal/CodeDataset/6.java,n
/Users/satya/Desktop/Personal/CodeDataset/7.java,n_square
/Users/satya/Desktop/Personal/CodeDataset/8.java,n
/Users/satya/Desktop/Personal/CodeDataset/9.java,n
/Users/satya/Desktop/Personal/CodeDataset/10.java,nlogn
/Users/satya/Desktop/Personal/CodeDataset/11.java,n
/Users/satya/Desktop/Personal/CodeDataset/12.java,n
/Users/satya/Desktop/Personal/CodeDataset/13.java,n
/Users/satya/Desktop/Personal/CodeDataset/14.java,n
/Users/satya/Desktop/Personal/CodeDataset/15.java,nlogn
/Users/satya/Desktop/Personal/CodeDataset/16.java,n
/Users/satya/Desktop/Personal/CodeDataset/17.java,n
/Users/satya/Desktop/Personal/CodeDataset/18.java,n_square
/Users/satya/Desktop/Personal/CodeDataset/19.java,n
/Users/satya/Desktop/Personal/CodeDataset/20.java,"n"
/Users/satya/Desktop/Personal/CodeDataset/21.java,n
/Users/satya/Desktop/Personal/CodeDataset/22.java,logn
/Users/satya/Desktop/Personal/CodeDataset/23.java,n
/Users/satya/Desktop/Personal/CodeDataset/24.java,n
/Users/satya/Desktop/Personal/CodeDataset/25.java,n_square
/Users/satya/Desktop/Personal/CodeDataset/26.java,n_square
/Users/satya/Desktop/Personal/CodeDataset/27.java,n
/Users/satya/Desktop/Personal/CodeDataset/28.java,n
/Users/satya/Desktop/Personal/CodeDataset/29.java,nlogn
/Users/satya/Desktop/Personal/CodeDataset/30.java,n_square
/Users/satya/Desktop/Personal/CodeDataset/31.java,"n_square"
/Users/satya/Desktop/Personal/CodeDataset/32.java,n
/Users/satya/Desktop/Personal/CodeDataset/33.java,n
/Users/satya/Desktop/Personal/CodeDataset/34.java,"n"
/Users/satya/Desktop/Personal/CodeDataset/35.java,n
/Users/satya/Desktop/Personal/CodeDataset/36.java,n
/Users/satya/Desktop/Personal/CodeDataset/37.java,n
/Users/satya/Desktop/Personal/CodeDataset/38.java,n
/Users/satya/Desktop/Personal/CodeDataset/39.java,n
/Users/satya/Desktop/Personal/CodeDataset/40.java,n
/Users/satya/Desktop/Personal/CodeDataset/41.java,nlogn
/Users/satya/Desktop/Personal/CodeDataset/42.java,n
/Users/satya/Desktop/Personal/CodeDataset/43.java,n
/Users/satya/Desktop/Personal/CodeDataset/44.java,n
/Users/satya/Desktop/Personal/CodeDataset/45.java,n
/Users/satya/Desktop/Personal/CodeDataset/46.java,nlogn
/Users/satya/Desktop/Personal/CodeDataset/47.java,n_square
/Users/satya/Desktop/Personal/CodeDataset/48.java,nlogn
/Users/satya/Desktop/Personal/CodeDataset/49.java,"n"
/Users/satya/Desktop/Personal/CodeDataset/50.java,nlogn
/Users/satya/Desktop/Personal/CodeDataset/51.java,nlogn
/Users/satya/Desktop/Personal/CodeDataset/52.java,n_square
/Users/satya/Desktop/Personal/CodeDataset/53.java,n_square
/Users/satya/Desktop/Personal/CodeDataset/54.java,n
/Users/satya/Desktop/Personal/CodeDataset/55.java,n
/Users/satya/Desktop/Personal/CodeDataset/56.java,logn
/Users/satya/Desktop/Personal/CodeDataset/57.java,n
/Users/satya/Desktop/Personal/CodeDataset/58.java,nlogn
/Users/satya/Desktop/Personal/CodeDataset/59.java,n
/Users/satya/Desktop/Personal/CodeDataset/60.java,logn_square
/Users/satya/Desktop/Personal/CodeDataset/61.java,n_square
/Users/satya/Desktop/Personal/CodeDataset/62.java,n
/Users/satya/Desktop/Personal/CodeDataset/63.java,1
/Users/satya/Desktop/Personal/CodeDataset/64.java,n
/Users/satya/Desktop/Personal/CodeDataset/65.java,n
/Users/satya/Desktop/Personal/CodeDataset/66.java,n
/Users/satya/Desktop/Personal/CodeDataset/67.java,n
/Users/satya/Desktop/Personal/CodeDataset/68.java,n_square
/Users/satya/Desktop/Personal/CodeDataset/69.java,n
/Users/satya/Desktop/Personal/CodeDataset/70.java,nlogn
/Users/satya/Desktop/Personal/CodeDataset/71.java,reject
/Users/satya/Desktop/Personal/CodeDataset/72.java,n_square
/Users/satya/Desktop/Personal/CodeDataset/73.java,"n_square"
/Users/satya/Desktop/Personal/CodeDataset/74.java,n_square
/Users/satya/Desktop/Personal/CodeDataset/75.java,n_square
/Users/satya/Desktop/Personal/CodeDataset/76.java,n
/Users/satya/Desktop/Personal/CodeDataset/77.java,"n"
/Users/satya/Desktop/Personal/CodeDataset/78.java,n
/Users/satya/Desktop/Personal/CodeDataset/79.java,n
/Users/satya/Desktop/Personal/CodeDataset/80.java,n
/Users/satya/Desktop/Personal/CodeDataset/81.java,n
/Users/satya/Desktop/Personal/CodeDataset/82.java,n_square
/Users/satya/Desktop/Personal/CodeDataset/83.java,nlogn
/Users/satya/Desktop/Personal/CodeDataset/84.java,n_square
/Users/satya/Desktop/Personal/CodeDataset/85.java,n
/Users/satya/Desktop/Personal/CodeDataset/86.java,"reject"
/Users/satya/Desktop/Personal/CodeDataset/87.java,nlogn
/Users/satya/Desktop/Personal/CodeDataset/88.java,nlogn
/Users/satya/Desktop/Personal/CodeDataset/89.java,n
/Users/satya/Desktop/Personal/CodeDataset/90.java,n
/Users/satya/Desktop/Personal/CodeDataset/91.java,n
/Users/satya/Desktop/Personal/CodeDataset/92.java,n_square
/Users/satya/Desktop/Personal/CodeDataset/93.java,nlogn
/Users/satya/Desktop/Personal/CodeDataset/94.java,n_square
/Users/satya/Desktop/Personal/CodeDataset/95.java,nlogn
/Users/satya/Desktop/Personal/CodeDataset/96.java,nlogn
/Users/satya/Desktop/Personal/CodeDataset/97.java,n
/Users/satya/Desktop/Personal/CodeDataset/98.java,n
/Users/satya/Desktop/Personal/CodeDataset/99.java,"n"
/Users/satya/Desktop/Personal/CodeDataset/100.java,n
/Users/satya/Desktop/Personal/CodeDataset/101.java,n
/Users/satya/Desktop/Personal/CodeDataset/102.java,n_square
/Users/satya/Desktop/Personal/CodeDataset/103.java,nlogn
/Users/satya/Desktop/Personal/CodeDataset/104.java,n_square
/Users/satya/Desktop/Personal/CodeDataset/105.java,nlogn
/Users/satya/Desktop/Personal/CodeDataset/106.java,n
/Users/satya/Desktop/Personal/CodeDataset/107.java,n_square
/Users/satya/Desktop/Personal/CodeDataset/108.java,nlogn
/Users/satya/Desktop/Personal/CodeDataset/109.java,n
/Users/satya/Desktop/Personal/CodeDataset/110.java,n
/Users/satya/Desktop/Personal/CodeDataset/111.java,logn
/Users/satya/Desktop/Personal/CodeDataset/112.java,n
/Users/satya/Desktop/Personal/CodeDataset/113.java,n
/Users/satya/Desktop/Personal/CodeDataset/114.java,"n"
/Users/satya/Desktop/Personal/CodeDataset/115.java,n_square
/Users/satya/Desktop/Personal/CodeDataset/116.java,nlogn
/Users/satya/Desktop/Personal/CodeDataset/117.java,n_square
/Users/satya/Desktop/Personal/CodeDataset/118.java,n
/Users/satya/Desktop/Personal/CodeDataset/119.java,"n"
/Users/satya/Desktop/Personal/CodeDataset/120.java,n_square
/Users/satya/Desktop/Personal/CodeDataset/121.java,n
/Users/satya/Desktop/Personal/CodeDataset/122.java,n_square
/Users/satya/Desktop/Personal/CodeDataset/123.java,n
/Users/satya/Desktop/Personal/CodeDataset/124.java,n
/Users/satya/Desktop/Personal/CodeDataset/125.java,logn
/Users/satya/Desktop/Personal/CodeDataset/126.java,n
/Users/satya/Desktop/Personal/CodeDataset/127.java,logn
/Users/satya/Desktop/Personal/CodeDataset/128.java,n_square
/Users/satya/Desktop/Personal/CodeDataset/129.java,n
/Users/satya/Desktop/Personal/CodeDataset/130.java,"n"
/Users/satya/Desktop/Personal/CodeDataset/131.java,n
/Users/satya/Desktop/Personal/CodeDataset/132.java,logn
/Users/satya/Desktop/Personal/CodeDataset/133.java,n_square
/Users/satya/Desktop/Personal/CodeDataset/134.java,n
/Users/satya/Desktop/Personal/CodeDataset/135.java,n_cube
/Users/satya/Desktop/Personal/CodeDataset/136.java,nlogn
/Users/satya/Desktop/Personal/CodeDataset/137.java,"n"
/Users/satya/Desktop/Personal/CodeDataset/138.java,nlogn
/Users/satya/Desktop/Personal/CodeDataset/139.java,n_cube
/Users/satya/Desktop/Personal/CodeDataset/140.java,n_square
/Users/satya/Desktop/Personal/CodeDataset/141.java,"reject"
/Users/satya/Desktop/Personal/CodeDataset/142.java,n_cube
/Users/satya/Desktop/Personal/CodeDataset/143.java,n_square
/Users/satya/Desktop/Personal/CodeDataset/144.java,"n_square"
/Users/satya/Desktop/Personal/CodeDataset/145.java,nlogn
/Users/satya/Desktop/Personal/CodeDataset/146.java,n_squarelogn
/Users/satya/Desktop/Personal/CodeDataset/147.java,n_square
/Users/satya/Desktop/Personal/CodeDataset/148.java,n_square
/Users/satya/Desktop/Personal/CodeDataset/149.java,n_square
/Users/satya/Desktop/Personal/CodeDataset/150.java,n
/Users/satya/Desktop/Personal/CodeDataset/151.java,n
/Users/satya/Desktop/Personal/CodeDataset/152.java,reject
/Users/satya/Desktop/Personal/CodeDataset/153.java,n
/Users/satya/Desktop/Personal/CodeDataset/154.java,reject
/Users/satya/Desktop/Personal/CodeDataset/155.java,n
/Users/satya/Desktop/Personal/CodeDataset/156.java,reject
/Users/satya/Desktop/Personal/CodeDataset/157.java,"reject"
/Users/satya/Desktop/Personal/CodeDataset/158.java,n
/Users/satya/Desktop/Personal/CodeDataset/159.java,n
/Users/satya/Desktop/Personal/CodeDataset/160.java,"n"
/Users/satya/Desktop/Personal/CodeDataset/161.java,n
/Users/satya/Desktop/Personal/CodeDataset/162.java,n_square
/Users/satya/Desktop/Personal/CodeDataset/163.java,n
/Users/satya/Desktop/Personal/CodeDataset/164.java,n
/Users/satya/Desktop/Personal/CodeDataset/165.java,n
/Users/satya/Desktop/Personal/CodeDataset/166.java,n
/Users/satya/Desktop/Personal/CodeDataset/167.java,n
/Users/satya/Desktop/Personal/CodeDataset/168.java,n
/Users/satya/Desktop/Personal/CodeDataset/169.java,n
/Users/satya/Desktop/Personal/CodeDataset/170.java,n
/Users/satya/Desktop/Personal/CodeDataset/171.java,n_square
/Users/satya/Desktop/Personal/CodeDataset/172.java,1
/Users/satya/Desktop/Personal/CodeDataset/173.java,n_square
/Users/satya/Desktop/Personal/CodeDataset/174.java,nlogn
/Users/satya/Desktop/Personal/CodeDataset/175.java,n
/Users/satya/Desktop/Personal/CodeDataset/176.java,n
/Users/satya/Desktop/Personal/CodeDataset/177.java,n
/Users/satya/Desktop/Personal/CodeDataset/178.java,n_cube
/Users/satya/Desktop/Personal/CodeDataset/179.java,n
/Users/satya/Desktop/Personal/CodeDataset/180.java,n
/Users/satya/Desktop/Personal/CodeDataset/181.java,n
/Users/satya/Desktop/Personal/CodeDataset/182.java,n
/Users/satya/Desktop/Personal/CodeDataset/183.java,n
/Users/satya/Desktop/Personal/CodeDataset/184.java,n
/Users/satya/Desktop/Personal/CodeDataset/185.java,n
/Users/satya/Desktop/Personal/CodeDataset/186.java,n_square
/Users/satya/Desktop/Personal/CodeDataset/187.java,n
/Users/satya/Desktop/Personal/CodeDataset/188.java,"reject"
/Users/satya/Desktop/Personal/CodeDataset/189.java,n
/Users/satya/Desktop/Personal/CodeDataset/190.java,n_square
/Users/satya/Desktop/Personal/CodeDataset/191.java,n
/Users/satya/Desktop/Personal/CodeDataset/192.java,n
/Users/satya/Desktop/Personal/CodeDataset/193.java,1
/Users/satya/Desktop/Personal/CodeDataset/194.java,n
/Users/satya/Desktop/Personal/CodeDataset/195.java,n
/Users/satya/Desktop/Personal/CodeDataset/196.java,n
/Users/satya/Desktop/Personal/CodeDataset/197.java,n
/Users/satya/Desktop/Personal/CodeDataset/198.java,n
/Users/satya/Desktop/Personal/CodeDataset/199.java,n_square
/Users/satya/Desktop/Personal/CodeDataset/200.java,n
/Users/satya/Desktop/Personal/CodeDataset/201.java,n
/Users/satya/Desktop/Personal/CodeDataset/202.java,nlogn
/Users/satya/Desktop/Personal/CodeDataset/203.java,nlogn
/Users/satya/Desktop/Personal/CodeDataset/204.java,n
/Users/satya/Desktop/Personal/CodeDataset/205.java,n
/Users/satya/Desktop/Personal/CodeDataset/206.java,n
/Users/satya/Desktop/Personal/CodeDataset/207.java,n
/Users/satya/Desktop/Personal/CodeDataset/208.java,n
/Users/satya/Desktop/Personal/CodeDataset/209.java,n
/Users/satya/Desktop/Personal/CodeDataset/210.java,n
/Users/satya/Desktop/Personal/CodeDataset/211.java,n
/Users/satya/Desktop/Personal/CodeDataset/212.java,n
/Users/satya/Desktop/Personal/CodeDataset/213.java,n
/Users/satya/Desktop/Personal/CodeDataset/214.java,n
/Users/satya/Desktop/Personal/CodeDataset/215.java,n
/Users/satya/Desktop/Personal/CodeDataset/216.java,n
/Users/satya/Desktop/Personal/CodeDataset/217.java,1
/Users/satya/Desktop/Personal/CodeDataset/218.java,logn
/Users/satya/Desktop/Personal/CodeDataset/219.java,n
/Users/satya/Desktop/Personal/CodeDataset/220.java,n
/Users/satya/Desktop/Personal/CodeDataset/221.java,n
/Users/satya/Desktop/Personal/CodeDataset/222.java,n
/Users/satya/Desktop/Personal/CodeDataset/223.java,n
/Users/satya/Desktop/Personal/CodeDataset/224.java,n
/Users/satya/Desktop/Personal/CodeDataset/225.java,n
/Users/satya/Desktop/Personal/CodeDataset/226.java,n_square
/Users/satya/Desktop/Personal/CodeDataset/227.java,n_square
/Users/satya/Desktop/Personal/CodeDataset/228.java,n
/Users/satya/Desktop/Personal/CodeDataset/229.java,n_square
/Users/satya/Desktop/Personal/CodeDataset/230.java,n
/Users/satya/Desktop/Personal/CodeDataset/231.java,n
/Users/satya/Desktop/Personal/CodeDataset/232.java,n
/Users/satya/Desktop/Personal/CodeDataset/233.java,n
/Users/satya/Desktop/Personal/CodeDataset/234.java,nlogn
/Users/satya/Desktop/Personal/CodeDataset/235.java,n
/Users/satya/Desktop/Personal/CodeDataset/236.java,n
/Users/satya/Desktop/Personal/CodeDataset/237.java,n_square
/Users/satya/Desktop/Personal/CodeDataset/238.java,n
/Users/satya/Desktop/Personal/CodeDataset/239.java,n
/Users/satya/Desktop/Personal/CodeDataset/240.java,n
/Users/satya/Desktop/Personal/CodeDataset/241.java,n
/Users/satya/Desktop/Personal/CodeDataset/242.java,n
/Users/satya/Desktop/Personal/CodeDataset/243.java,n
/Users/satya/Desktop/Personal/CodeDataset/244.java,n
/Users/satya/Desktop/Personal/CodeDataset/245.java,n
/Users/satya/Desktop/Personal/CodeDataset/246.java,n
/Users/satya/Desktop/Personal/CodeDataset/247.java,n
/Users/satya/Desktop/Personal/CodeDataset/248.java,n
/Users/satya/Desktop/Personal/CodeDataset/249.java,n_square
/Users/satya/Desktop/Personal/CodeDataset/250.java,n
/Users/satya/Desktop/Personal/CodeDataset/251.java,n_square
/Users/satya/Desktop/Personal/CodeDataset/252.java,n_square
/Users/satya/Desktop/Personal/CodeDataset/253.java,n
/Users/satya/Desktop/Personal/CodeDataset/254.java,n_square
/Users/satya/Desktop/Personal/CodeDataset/255.java,n
/Users/satya/Desktop/Personal/CodeDataset/256.java,n
/Users/satya/Desktop/Personal/CodeDataset/257.java,n_square
/Users/satya/Desktop/Personal/CodeDataset/258.java,n_square
/Users/satya/Desktop/Personal/CodeDataset/259.java,"n"
/Users/satya/Desktop/Personal/CodeDataset/260.java,reject
/Users/satya/Desktop/Personal/CodeDataset/261.java,n
/Users/satya/Desktop/Personal/CodeDataset/262.java,"1"
/Users/satya/Desktop/Personal/CodeDataset/263.java,n
/Users/satya/Desktop/Personal/CodeDataset/264.java,n_square
/Users/satya/Desktop/Personal/CodeDataset/265.java,n
/Users/satya/Desktop/Personal/CodeDataset/266.java,n
/Users/satya/Desktop/Personal/CodeDataset/267.java,n
/Users/satya/Desktop/Personal/CodeDataset/268.java,n
/Users/satya/Desktop/Personal/CodeDataset/269.java,n
/Users/satya/Desktop/Personal/CodeDataset/270.java,n
/Users/satya/Desktop/Personal/CodeDataset/271.java,n_square
/Users/satya/Desktop/Personal/CodeDataset/272.java,n
/Users/satya/Desktop/Personal/CodeDataset/273.java,n
/Users/satya/Desktop/Personal/CodeDataset/274.java,n_square
/Users/satya/Desktop/Personal/CodeDataset/275.java,n
/Users/satya/Desktop/Personal/CodeDataset/276.java,n
/Users/satya/Desktop/Personal/CodeDataset/277.java,n
/Users/satya/Desktop/Personal/CodeDataset/278.java,n_square
/Users/satya/Desktop/Personal/CodeDataset/279.java,n
/Users/satya/Desktop/Personal/CodeDataset/280.java,n
/Users/satya/Desktop/Personal/CodeDataset/281.java,n
/Users/satya/Desktop/Personal/CodeDataset/282.java,n
/Users/satya/Desktop/Personal/CodeDataset/283.java,n
/Users/satya/Desktop/Personal/CodeDataset/284.java,n
/Users/satya/Desktop/Personal/CodeDataset/285.java,n_square
/Users/satya/Desktop/Personal/CodeDataset/286.java,n
/Users/satya/Desktop/Personal/CodeDataset/287.java,n
/Users/satya/Desktop/Personal/CodeDataset/288.java,n_square
/Users/satya/Desktop/Personal/CodeDataset/289.java,reject
/Users/satya/Desktop/Personal/CodeDataset/290.java,n_square
/Users/satya/Desktop/Personal/CodeDataset/291.java,"n"
/Users/satya/Desktop/Personal/CodeDataset/292.java,reject
/Users/satya/Desktop/Personal/CodeDataset/293.java,n_square
/Users/satya/Desktop/Personal/CodeDataset/294.java,"n_square"
/Users/satya/Desktop/Personal/CodeDataset/295.java,n_square
/Users/satya/Desktop/Personal/CodeDataset/296.java,n
/Users/satya/Desktop/Personal/CodeDataset/297.java,"n"
/Users/satya/Desktop/Personal/CodeDataset/298.java,n_square
/Users/satya/Desktop/Personal/CodeDataset/299.java,n
/Users/satya/Desktop/Personal/CodeDataset/300.java,n
/Users/satya/Desktop/Personal/CodeDataset/301.java,"n"
/Users/satya/Desktop/Personal/CodeDataset/302.java,reject
/Users/satya/Desktop/Personal/CodeDataset/303.java,n_square
/Users/satya/Desktop/Personal/CodeDataset/304.java,n_square
/Users/satya/Desktop/Personal/CodeDataset/305.java,n_square
/Users/satya/Desktop/Personal/CodeDataset/306.java,reject
/Users/satya/Desktop/Personal/CodeDataset/307.java,n_square
/Users/satya/Desktop/Personal/CodeDataset/308.java,n
/Users/satya/Desktop/Personal/CodeDataset/309.java,n
/Users/satya/Desktop/Personal/CodeDataset/310.java,reject
/Users/satya/Desktop/Personal/CodeDataset/311.java,n_square
/Users/satya/Desktop/Personal/CodeDataset/312.java,"n"
/Users/satya/Desktop/Personal/CodeDataset/313.java,reject
/Users/satya/Desktop/Personal/CodeDataset/314.java,n_square
/Users/satya/Desktop/Personal/CodeDataset/315.java,nlogn
/Users/satya/Desktop/Personal/CodeDataset/316.java,n_square
/Users/satya/Desktop/Personal/CodeDataset/317.java,n_square
/Users/satya/Desktop/Personal/CodeDataset/318.java,n_square
/Users/satya/Desktop/Personal/CodeDataset/319.java,n_square
/Users/satya/Desktop/Personal/CodeDataset/320.java,n
/Users/satya/Desktop/Personal/CodeDataset/321.java,n
/Users/satya/Desktop/Personal/CodeDataset/322.java,n_square
/Users/satya/Desktop/Personal/CodeDataset/323.java,n_square
/Users/satya/Desktop/Personal/CodeDataset/324.java,n_square
/Users/satya/Desktop/Personal/CodeDataset/325.java,n_square
/Users/satya/Desktop/Personal/CodeDataset/326.java,nlogn
/Users/satya/Desktop/Personal/CodeDataset/327.java,nlogn
/Users/satya/Desktop/Personal/CodeDataset/328.java,n_square
/Users/satya/Desktop/Personal/CodeDataset/329.java,n
/Users/satya/Desktop/Personal/CodeDataset/330.java,reject
/Users/satya/Desktop/Personal/CodeDataset/331.java,n
/Users/satya/Desktop/Personal/CodeDataset/332.java,n_square
/Users/satya/Desktop/Personal/CodeDataset/333.java,n
/Users/satya/Desktop/Personal/CodeDataset/334.java,n
/Users/satya/Desktop/Personal/CodeDataset/335.java,n_square
/Users/satya/Desktop/Personal/CodeDataset/336.java,reject
/Users/satya/Desktop/Personal/CodeDataset/337.java,n_square
/Users/satya/Desktop/Personal/CodeDataset/338.java,reject
/Users/satya/Desktop/Personal/CodeDataset/339.java,n_square
/Users/satya/Desktop/Personal/CodeDataset/340.java,"n_square"
/Users/satya/Desktop/Personal/CodeDataset/341.java,n_cube
/Users/satya/Desktop/Personal/CodeDataset/342.java,n_square
/Users/satya/Desktop/Personal/CodeDataset/343.java,reject
/Users/satya/Desktop/Personal/CodeDataset/344.java,n_square
/Users/satya/Desktop/Personal/CodeDataset/345.java,n
/Users/satya/Desktop/Personal/CodeDataset/346.java,n_square
/Users/satya/Desktop/Personal/CodeDataset/347.java,reject
/Users/satya/Desktop/Personal/CodeDataset/348.java,n_square
/Users/satya/Desktop/Personal/CodeDataset/349.java,n
/Users/satya/Desktop/Personal/CodeDataset/350.java,n
/Users/satya/Desktop/Personal/CodeDataset/351.java,n
/Users/satya/Desktop/Personal/CodeDataset/352.java,n
/Users/satya/Desktop/Personal/CodeDataset/353.java,n
/Users/satya/Desktop/Personal/CodeDataset/354.java,n
/Users/satya/Desktop/Personal/CodeDataset/355.java,n
/Users/satya/Desktop/Personal/CodeDataset/356.java,n
/Users/satya/Desktop/Personal/CodeDataset/357.java,n_square
/Users/satya/Desktop/Personal/CodeDataset/358.java,n
/Users/satya/Desktop/Personal/CodeDataset/359.java,reject
/Users/satya/Desktop/Personal/CodeDataset/360.java,n
/Users/satya/Desktop/Personal/CodeDataset/361.java,reject
/Users/satya/Desktop/Personal/CodeDataset/362.java,n
/Users/satya/Desktop/Personal/CodeDataset/363.java,n_square
/Users/satya/Desktop/Personal/CodeDataset/364.java,reject
/Users/satya/Desktop/Personal/CodeDataset/365.java,n
/Users/satya/Desktop/Personal/CodeDataset/366.java,n_square
/Users/satya/Desktop/Personal/CodeDataset/367.java,n_square
/Users/satya/Desktop/Personal/CodeDataset/368.java,n_square
/Users/satya/Desktop/Personal/CodeDataset/369.java,n_square
/Users/satya/Desktop/Personal/CodeDataset/370.java,n_square
/Users/satya/Desktop/Personal/CodeDataset/371.java,n_square
/Users/satya/Desktop/Personal/CodeDataset/372.java,n_square
/Users/satya/Desktop/Personal/CodeDataset/373.java,n_square
/Users/satya/Desktop/Personal/CodeDataset/374.java,n
/Users/satya/Desktop/Personal/CodeDataset/375.java,n_square
/Users/satya/Desktop/Personal/CodeDataset/376.java,n_square
/Users/satya/Desktop/Personal/CodeDataset/377.java,n
/Users/satya/Desktop/Personal/CodeDataset/378.java,n
/Users/satya/Desktop/Personal/CodeDataset/379.java,n
/Users/satya/Desktop/Personal/CodeDataset/380.java,n
/Users/satya/Desktop/Personal/CodeDataset/381.java,n
/Users/satya/Desktop/Personal/CodeDataset/382.java,n
/Users/satya/Desktop/Personal/CodeDataset/383.java,n
/Users/satya/Desktop/Personal/CodeDataset/384.java,n_square
/Users/satya/Desktop/Personal/CodeDataset/385.java,n
/Users/satya/Desktop/Personal/CodeDataset/386.java,n
/Users/satya/Desktop/Personal/CodeDataset/387.java,n_square
/Users/satya/Desktop/Personal/CodeDataset/388.java,n
/Users/satya/Desktop/Personal/CodeDataset/389.java,n
/Users/satya/Desktop/Personal/CodeDataset/390.java,n
/Users/satya/Desktop/Personal/CodeDataset/391.java,n
/Users/satya/Desktop/Personal/CodeDataset/392.java,n
/Users/satya/Desktop/Personal/CodeDataset/393.java,n
/Users/satya/Desktop/Personal/CodeDataset/394.java,n
/Users/satya/Desktop/Personal/CodeDataset/395.java,n
/Users/satya/Desktop/Personal/CodeDataset/396.java,n_square
/Users/satya/Desktop/Personal/CodeDataset/397.java,n_cube
/Users/satya/Desktop/Personal/CodeDataset/398.java,n
/Users/satya/Desktop/Personal/CodeDataset/399.java,n
/Users/satya/Desktop/Personal/CodeDataset/400.java,n
/Users/satya/Desktop/Personal/CodeDataset/401.java,n_square
/Users/satya/Desktop/Personal/CodeDataset/402.java,n_square
/Users/satya/Desktop/Personal/CodeDataset/403.java,n_square
/Users/satya/Desktop/Personal/CodeDataset/404.java,n
/Users/satya/Desktop/Personal/CodeDataset/405.java,n
/Users/satya/Desktop/Personal/CodeDataset/406.java,n
/Users/satya/Desktop/Personal/CodeDataset/407.java,n_square
/Users/satya/Desktop/Personal/CodeDataset/408.java,n
/Users/satya/Desktop/Personal/CodeDataset/409.java,n
/Users/satya/Desktop/Personal/CodeDataset/410.java,n
/Users/satya/Desktop/Personal/CodeDataset/411.java,n
/Users/satya/Desktop/Personal/CodeDataset/412.java,n
/Users/satya/Desktop/Personal/CodeDataset/413.java,n
/Users/satya/Desktop/Personal/CodeDataset/414.java,n
/Users/satya/Desktop/Personal/CodeDataset/415.java,n
/Users/satya/Desktop/Personal/CodeDataset/416.java,n_square
/Users/satya/Desktop/Personal/CodeDataset/417.java,n
/Users/satya/Desktop/Personal/CodeDataset/418.java,n
/Users/satya/Desktop/Personal/CodeDataset/419.java,n
/Users/satya/Desktop/Personal/CodeDataset/420.java,n
/Users/satya/Desktop/Personal/CodeDataset/421.java,n_square
/Users/satya/Desktop/Personal/CodeDataset/422.java,n
/Users/satya/Desktop/Personal/CodeDataset/423.java,n_square
/Users/satya/Desktop/Personal/CodeDataset/424.java,n
/Users/satya/Desktop/Personal/CodeDataset/425.java,n
/Users/satya/Desktop/Personal/CodeDataset/426.java,n
/Users/satya/Desktop/Personal/CodeDataset/427.java,n
/Users/satya/Desktop/Personal/CodeDataset/428.java,n
/Users/satya/Desktop/Personal/CodeDataset/429.java,n
/Users/satya/Desktop/Personal/CodeDataset/430.java,n
/Users/satya/Desktop/Personal/CodeDataset/431.java,n
/Users/satya/Desktop/Personal/CodeDataset/432.java,n
/Users/satya/Desktop/Personal/CodeDataset/433.java,n
/Users/satya/Desktop/Personal/CodeDataset/434.java,n
/Users/satya/Desktop/Personal/CodeDataset/435.java,n
/Users/satya/Desktop/Personal/CodeDataset/436.java,n
/Users/satya/Desktop/Personal/CodeDataset/437.java,n
/Users/satya/Desktop/Personal/CodeDataset/438.java,n
/Users/satya/Desktop/Personal/CodeDataset/439.java,n
/Users/satya/Desktop/Personal/CodeDataset/440.java,n
/Users/satya/Desktop/Personal/CodeDataset/441.java,n
/Users/satya/Desktop/Personal/CodeDataset/442.java,n
/Users/satya/Desktop/Personal/CodeDataset/443.java,n
/Users/satya/Desktop/Personal/CodeDataset/444.java,n
/Users/satya/Desktop/Personal/CodeDataset/445.java,n
/Users/satya/Desktop/Personal/CodeDataset/446.java,n
/Users/satya/Desktop/Personal/CodeDataset/447.java,n
/Users/satya/Desktop/Personal/CodeDataset/448.java,n
/Users/satya/Desktop/Personal/CodeDataset/449.java,n
/Users/satya/Desktop/Personal/CodeDataset/450.java,nlogn
/Users/satya/Desktop/Personal/CodeDataset/451.java,n
/Users/satya/Desktop/Personal/CodeDataset/452.java,n
/Users/satya/Desktop/Personal/CodeDataset/453.java,n
/Users/satya/Desktop/Personal/CodeDataset/454.java,n
/Users/satya/Desktop/Personal/CodeDataset/455.java,n
/Users/satya/Desktop/Personal/CodeDataset/456.java,n
/Users/satya/Desktop/Personal/CodeDataset/457.java,nlogn
/Users/satya/Desktop/Personal/CodeDataset/458.java,nlogn
/Users/satya/Desktop/Personal/CodeDataset/459.java,nlogn
/Users/satya/Desktop/Personal/CodeDataset/460.java,nlogn
/Users/satya/Desktop/Personal/CodeDataset/461.java,n
/Users/satya/Desktop/Personal/CodeDataset/462.java,n
/Users/satya/Desktop/Personal/CodeDataset/463.java,n
/Users/satya/Desktop/Personal/CodeDataset/464.java,nlogn
/Users/satya/Desktop/Personal/CodeDataset/465.java,n_square
/Users/satya/Desktop/Personal/CodeDataset/466.java,nlogn
/Users/satya/Desktop/Personal/CodeDataset/467.java,n_square
/Users/satya/Desktop/Personal/CodeDataset/468.java,n
/Users/satya/Desktop/Personal/CodeDataset/469.java,n
/Users/satya/Desktop/Personal/CodeDataset/470.java,n
/Users/satya/Desktop/Personal/CodeDataset/471.java,n_square
/Users/satya/Desktop/Personal/CodeDataset/472.java,nlogn
/Users/satya/Desktop/Personal/CodeDataset/473.java,n_squarelogn
/Users/satya/Desktop/Personal/CodeDataset/474.java,nlogn
/Users/satya/Desktop/Personal/CodeDataset/475.java,nlogn
/Users/satya/Desktop/Personal/CodeDataset/476.java,nlogn
/Users/satya/Desktop/Personal/CodeDataset/477.java,nlogn
/Users/satya/Desktop/Personal/CodeDataset/478.java,n
/Users/satya/Desktop/Personal/CodeDataset/479.java,n
/Users/satya/Desktop/Personal/CodeDataset/480.java,nlogn
/Users/satya/Desktop/Personal/CodeDataset/481.java,n
/Users/satya/Desktop/Personal/CodeDataset/482.java,nlogn
/Users/satya/Desktop/Personal/CodeDataset/483.java,nlogn
/Users/satya/Desktop/Personal/CodeDataset/484.java,nlogn
/Users/satya/Desktop/Personal/CodeDataset/485.java,nlogn
/Users/satya/Desktop/Personal/CodeDataset/486.java,nlogn
/Users/satya/Desktop/Personal/CodeDataset/487.java,n
/Users/satya/Desktop/Personal/CodeDataset/488.java,n_square
/Users/satya/Desktop/Personal/CodeDataset/489.java,n_square
/Users/satya/Desktop/Personal/CodeDataset/490.java,n_square
/Users/satya/Desktop/Personal/CodeDataset/491.java,nlogn
/Users/satya/Desktop/Personal/CodeDataset/492.java,1
/Users/satya/Desktop/Personal/CodeDataset/493.java,nlogn
/Users/satya/Desktop/Personal/CodeDataset/494.java,n
/Users/satya/Desktop/Personal/CodeDataset/495.java,nlogn
/Users/satya/Desktop/Personal/CodeDataset/496.java,n
/Users/satya/Desktop/Personal/CodeDataset/497.java,n_square
/Users/satya/Desktop/Personal/CodeDataset/498.java,nlogn
/Users/satya/Desktop/Personal/CodeDataset/499.java,nlogn
/Users/satya/Desktop/Personal/CodeDataset/500.java,n
/Users/satya/Desktop/Personal/CodeDataset/501.java,nlogn
/Users/satya/Desktop/Personal/CodeDataset/502.java,nlogn
/Users/satya/Desktop/Personal/CodeDataset/503.java,nlogn
/Users/satya/Desktop/Personal/CodeDataset/504.java,nlogn
/Users/satya/Desktop/Personal/CodeDataset/505.java,nlogn
/Users/satya/Desktop/Personal/CodeDataset/506.java,n
/Users/satya/Desktop/Personal/CodeDataset/507.java,n
/Users/satya/Desktop/Personal/CodeDataset/508.java,n
/Users/satya/Desktop/Personal/CodeDataset/509.java,n
/Users/satya/Desktop/Personal/CodeDataset/510.java,nlogn
/Users/satya/Desktop/Personal/CodeDataset/511.java,n
/Users/satya/Desktop/Personal/CodeDataset/512.java,logn
/Users/satya/Desktop/Personal/CodeDataset/513.java,logn
/Users/satya/Desktop/Personal/CodeDataset/514.java,logn
/Users/satya/Desktop/Personal/CodeDataset/515.java,n
/Users/satya/Desktop/Personal/CodeDataset/516.java,logn
/Users/satya/Desktop/Personal/CodeDataset/517.java,n
/Users/satya/Desktop/Personal/CodeDataset/518.java,n
/Users/satya/Desktop/Personal/CodeDataset/519.java,logn
/Users/satya/Desktop/Personal/CodeDataset/520.java,reject
/Users/satya/Desktop/Personal/CodeDataset/521.java,logn
/Users/satya/Desktop/Personal/CodeDataset/522.java,n_square
/Users/satya/Desktop/Personal/CodeDataset/523.java,nlogn
/Users/satya/Desktop/Personal/CodeDataset/524.java,n
/Users/satya/Desktop/Personal/CodeDataset/525.java,nlogn
/Users/satya/Desktop/Personal/CodeDataset/526.java,n
/Users/satya/Desktop/Personal/CodeDataset/527.java,logn
/Users/satya/Desktop/Personal/CodeDataset/528.java,n
/Users/satya/Desktop/Personal/CodeDataset/529.java,logn
/Users/satya/Desktop/Personal/CodeDataset/530.java,"logn"
/Users/satya/Desktop/Personal/CodeDataset/531.java,n
/Users/satya/Desktop/Personal/CodeDataset/532.java,n
/Users/satya/Desktop/Personal/CodeDataset/533.java,n
/Users/satya/Desktop/Personal/CodeDataset/534.java,logn
/Users/satya/Desktop/Personal/CodeDataset/535.java,n
/Users/satya/Desktop/Personal/CodeDataset/536.java,logn
/Users/satya/Desktop/Personal/CodeDataset/537.java,n
/Users/satya/Desktop/Personal/CodeDataset/538.java,logn
/Users/satya/Desktop/Personal/CodeDataset/539.java,logn
/Users/satya/Desktop/Personal/CodeDataset/540.java,logn
/Users/satya/Desktop/Personal/CodeDataset/541.java,n
/Users/satya/Desktop/Personal/CodeDataset/542.java,n
/Users/satya/Desktop/Personal/CodeDataset/543.java,logn
/Users/satya/Desktop/Personal/CodeDataset/544.java,n
/Users/satya/Desktop/Personal/CodeDataset/545.java,n
/Users/satya/Desktop/Personal/CodeDataset/546.java,nlogn
/Users/satya/Desktop/Personal/CodeDataset/547.java,n
/Users/satya/Desktop/Personal/CodeDataset/548.java,n
/Users/satya/Desktop/Personal/CodeDataset/549.java,n
/Users/satya/Desktop/Personal/CodeDataset/550.java,n_square
/Users/satya/Desktop/Personal/CodeDataset/551.java,n
/Users/satya/Desktop/Personal/CodeDataset/552.java,n
/Users/satya/Desktop/Personal/CodeDataset/553.java,n
/Users/satya/Desktop/Personal/CodeDataset/554.java,n
/Users/satya/Desktop/Personal/CodeDataset/555.java,n
/Users/satya/Desktop/Personal/CodeDataset/556.java,n_square
/Users/satya/Desktop/Personal/CodeDataset/557.java,n
/Users/satya/Desktop/Personal/CodeDataset/558.java,n
/Users/satya/Desktop/Personal/CodeDataset/559.java,n
/Users/satya/Desktop/Personal/CodeDataset/560.java,n_square
/Users/satya/Desktop/Personal/CodeDataset/561.java,nlogn
/Users/satya/Desktop/Personal/CodeDataset/562.java,nlogn
/Users/satya/Desktop/Personal/CodeDataset/563.java,n
/Users/satya/Desktop/Personal/CodeDataset/564.java,nlogn
/Users/satya/Desktop/Personal/CodeDataset/565.java,n_square
/Users/satya/Desktop/Personal/CodeDataset/566.java,nlogn
/Users/satya/Desktop/Personal/CodeDataset/567.java,n_square
/Users/satya/Desktop/Personal/CodeDataset/568.java,n
/Users/satya/Desktop/Personal/CodeDataset/569.java,n
/Users/satya/Desktop/Personal/CodeDataset/570.java,n
/Users/satya/Desktop/Personal/CodeDataset/571.java,n
/Users/satya/Desktop/Personal/CodeDataset/572.java,nlogn
/Users/satya/Desktop/Personal/CodeDataset/573.java,nlogn
/Users/satya/Desktop/Personal/CodeDataset/574.java,n
/Users/satya/Desktop/Personal/CodeDataset/575.java,nlogn
/Users/satya/Desktop/Personal/CodeDataset/576.java,n_square
/Users/satya/Desktop/Personal/CodeDataset/577.java,nlogn
/Users/satya/Desktop/Personal/CodeDataset/578.java,n
/Users/satya/Desktop/Personal/CodeDataset/579.java,nlogn
/Users/satya/Desktop/Personal/CodeDataset/580.java,n
/Users/satya/Desktop/Personal/CodeDataset/581.java,n_square
/Users/satya/Desktop/Personal/CodeDataset/582.java,n
/Users/satya/Desktop/Personal/CodeDataset/583.java,n_square
/Users/satya/Desktop/Personal/CodeDataset/584.java,nlogn
/Users/satya/Desktop/Personal/CodeDataset/585.java,n_square
/Users/satya/Desktop/Personal/CodeDataset/586.java,nlogn
/Users/satya/Desktop/Personal/CodeDataset/587.java,n_square
/Users/satya/Desktop/Personal/CodeDataset/588.java,n
/Users/satya/Desktop/Personal/CodeDataset/589.java,n
/Users/satya/Desktop/Personal/CodeDataset/590.java,n
/Users/satya/Desktop/Personal/CodeDataset/591.java,n
/Users/satya/Desktop/Personal/CodeDataset/592.java,n_square
/Users/satya/Desktop/Personal/CodeDataset/593.java,n
/Users/satya/Desktop/Personal/CodeDataset/594.java,n
/Users/satya/Desktop/Personal/CodeDataset/595.java,n_square
/Users/satya/Desktop/Personal/CodeDataset/596.java,n_square
/Users/satya/Desktop/Personal/CodeDataset/597.java,n_squarelogn
/Users/satya/Desktop/Personal/CodeDataset/598.java,n_square
/Users/satya/Desktop/Personal/CodeDataset/599.java,n
/Users/satya/Desktop/Personal/CodeDataset/600.java,1
/Users/satya/Desktop/Personal/CodeDataset/601.java,1
/Users/satya/Desktop/Personal/CodeDataset/602.java,1
/Users/satya/Desktop/Personal/CodeDataset/603.java,n
/Users/satya/Desktop/Personal/CodeDataset/604.java,n
/Users/satya/Desktop/Personal/CodeDataset/605.java,nlogn
/Users/satya/Desktop/Personal/CodeDataset/606.java,nlogn
/Users/satya/Desktop/Personal/CodeDataset/607.java,nlogn
/Users/satya/Desktop/Personal/CodeDataset/608.java,n_square
/Users/satya/Desktop/Personal/CodeDataset/609.java,n_square
/Users/satya/Desktop/Personal/CodeDataset/610.java,nlogn
/Users/satya/Desktop/Personal/CodeDataset/611.java,nlogn
/Users/satya/Desktop/Personal/CodeDataset/612.java,nlogn
/Users/satya/Desktop/Personal/CodeDataset/613.java,n_square
/Users/satya/Desktop/Personal/CodeDataset/614.java,nlogn
/Users/satya/Desktop/Personal/CodeDataset/615.java,1
/Users/satya/Desktop/Personal/CodeDataset/616.java,1
/Users/satya/Desktop/Personal/CodeDataset/617.java,n
/Users/satya/Desktop/Personal/CodeDataset/618.java,n
/Users/satya/Desktop/Personal/CodeDataset/619.java,1
/Users/satya/Desktop/Personal/CodeDataset/620.java,n
/Users/satya/Desktop/Personal/CodeDataset/621.java,n
/Users/satya/Desktop/Personal/CodeDataset/622.java,n
/Users/satya/Desktop/Personal/CodeDataset/623.java,n_square
/Users/satya/Desktop/Personal/CodeDataset/624.java,n_square
/Users/satya/Desktop/Personal/CodeDataset/625.java,n_square
/Users/satya/Desktop/Personal/CodeDataset/626.java,nlogn
/Users/satya/Desktop/Personal/CodeDataset/627.java,nlogn
/Users/satya/Desktop/Personal/CodeDataset/628.java,n_square
/Users/satya/Desktop/Personal/CodeDataset/629.java,nlogn
/Users/satya/Desktop/Personal/CodeDataset/630.java,n_square
/Users/satya/Desktop/Personal/CodeDataset/631.java,n
/Users/satya/Desktop/Personal/CodeDataset/632.java,n
/Users/satya/Desktop/Personal/CodeDataset/633.java,n
/Users/satya/Desktop/Personal/CodeDataset/634.java,n_square
/Users/satya/Desktop/Personal/CodeDataset/635.java,n_square
/Users/satya/Desktop/Personal/CodeDataset/636.java,n
/Users/satya/Desktop/Personal/CodeDataset/637.java,n
/Users/satya/Desktop/Personal/CodeDataset/638.java,n
/Users/satya/Desktop/Personal/CodeDataset/639.java,n
/Users/satya/Desktop/Personal/CodeDataset/640.java,n
/Users/satya/Desktop/Personal/CodeDataset/641.java,n
/Users/satya/Desktop/Personal/CodeDataset/642.java,n
/Users/satya/Desktop/Personal/CodeDataset/643.java,1
/Users/satya/Desktop/Personal/CodeDataset/644.java,1
/Users/satya/Desktop/Personal/CodeDataset/645.java,1
/Users/satya/Desktop/Personal/CodeDataset/646.java,1
/Users/satya/Desktop/Personal/CodeDataset/647.java,1
/Users/satya/Desktop/Personal/CodeDataset/648.java,1
/Users/satya/Desktop/Personal/CodeDataset/649.java,nlogn
/Users/satya/Desktop/Personal/CodeDataset/650.java,n
/Users/satya/Desktop/Personal/CodeDataset/651.java,nlogn
/Users/satya/Desktop/Personal/CodeDataset/652.java,nlogn
/Users/satya/Desktop/Personal/CodeDataset/653.java,n
/Users/satya/Desktop/Personal/CodeDataset/654.java,n
/Users/satya/Desktop/Personal/CodeDataset/655.java,n_square
/Users/satya/Desktop/Personal/CodeDataset/656.java,n_square
/Users/satya/Desktop/Personal/CodeDataset/657.java,n
/Users/satya/Desktop/Personal/CodeDataset/658.java,n
/Users/satya/Desktop/Personal/CodeDataset/659.java,n
/Users/satya/Desktop/Personal/CodeDataset/660.java,n
/Users/satya/Desktop/Personal/CodeDataset/661.java,nlogn
/Users/satya/Desktop/Personal/CodeDataset/662.java,n
/Users/satya/Desktop/Personal/CodeDataset/663.java,nlogn
/Users/satya/Desktop/Personal/CodeDataset/664.java,nlogn
/Users/satya/Desktop/Personal/CodeDataset/665.java,n
/Users/satya/Desktop/Personal/CodeDataset/666.java,nlogn
/Users/satya/Desktop/Personal/CodeDataset/667.java,n
/Users/satya/Desktop/Personal/CodeDataset/668.java,n
/Users/satya/Desktop/Personal/CodeDataset/669.java,n
/Users/satya/Desktop/Personal/CodeDataset/670.java,n
/Users/satya/Desktop/Personal/CodeDataset/671.java,n
/Users/satya/Desktop/Personal/CodeDataset/672.java,n
/Users/satya/Desktop/Personal/CodeDataset/673.java,n_squarelogn
/Users/satya/Desktop/Personal/CodeDataset/674.java,n_squarelogn
/Users/satya/Desktop/Personal/CodeDataset/675.java,n
/Users/satya/Desktop/Personal/CodeDataset/676.java,n
/Users/satya/Desktop/Personal/CodeDataset/677.java,nlogn
/Users/satya/Desktop/Personal/CodeDataset/678.java,nlogn
/Users/satya/Desktop/Personal/CodeDataset/679.java,n
/Users/satya/Desktop/Personal/CodeDataset/680.java,nlogn
/Users/satya/Desktop/Personal/CodeDataset/681.java,n_square
/Users/satya/Desktop/Personal/CodeDataset/682.java,nlogn
/Users/satya/Desktop/Personal/CodeDataset/683.java,n
/Users/satya/Desktop/Personal/CodeDataset/684.java,nlogn
/Users/satya/Desktop/Personal/CodeDataset/685.java,n
/Users/satya/Desktop/Personal/CodeDataset/686.java,n_square
/Users/satya/Desktop/Personal/CodeDataset/687.java,n
/Users/satya/Desktop/Personal/CodeDataset/688.java,n_square
/Users/satya/Desktop/Personal/CodeDataset/689.java,nlogn
/Users/satya/Desktop/Personal/CodeDataset/690.java,n_square
/Users/satya/Desktop/Personal/CodeDataset/691.java,nlogn
/Users/satya/Desktop/Personal/CodeDataset/692.java,n_square
/Users/satya/Desktop/Personal/CodeDataset/693.java,n
/Users/satya/Desktop/Personal/CodeDataset/694.java,n
/Users/satya/Desktop/Personal/CodeDataset/695.java,n
/Users/satya/Desktop/Personal/CodeDataset/696.java,n
/Users/satya/Desktop/Personal/CodeDataset/697.java,n_square
/Users/satya/Desktop/Personal/CodeDataset/698.java,n
/Users/satya/Desktop/Personal/CodeDataset/699.java,n
/Users/satya/Desktop/Personal/CodeDataset/700.java,n_square
/Users/satya/Desktop/Personal/CodeDataset/701.java,n_square
/Users/satya/Desktop/Personal/CodeDataset/702.java,n_squarelogn
/Users/satya/Desktop/Personal/CodeDataset/703.java,n_square
/Users/satya/Desktop/Personal/CodeDataset/704.java,n
/Users/satya/Desktop/Personal/CodeDataset/705.java,n_square
/Users/satya/Desktop/Personal/CodeDataset/706.java,n_square
/Users/satya/Desktop/Personal/CodeDataset/707.java,nlogn
/Users/satya/Desktop/Personal/CodeDataset/708.java,n
/Users/satya/Desktop/Personal/CodeDataset/709.java,n_cube
/Users/satya/Desktop/Personal/CodeDataset/710.java,n_square
/Users/satya/Desktop/Personal/CodeDataset/711.java,n_cube
/Users/satya/Desktop/Personal/CodeDataset/712.java,n
/Users/satya/Desktop/Personal/CodeDataset/713.java,n
/Users/satya/Desktop/Personal/CodeDataset/714.java,n
/Users/satya/Desktop/Personal/CodeDataset/715.java,logn
/Users/satya/Desktop/Personal/CodeDataset/716.java,n_squarelogn
/Users/satya/Desktop/Personal/CodeDataset/717.java,n
/Users/satya/Desktop/Personal/CodeDataset/718.java,1
/Users/satya/Desktop/Personal/CodeDataset/719.java,n
/Users/satya/Desktop/Personal/CodeDataset/720.java,n_square
/Users/satya/Desktop/Personal/CodeDataset/721.java,n
/Users/satya/Desktop/Personal/CodeDataset/722.java,n_cube
/Users/satya/Desktop/Personal/CodeDataset/723.java,n_cube
/Users/satya/Desktop/Personal/CodeDataset/724.java,n_square
/Users/satya/Desktop/Personal/CodeDataset/725.java,n_squarelogn
/Users/satya/Desktop/Personal/CodeDataset/726.java,n
/Users/satya/Desktop/Personal/CodeDataset/727.java,nlogn
/Users/satya/Desktop/Personal/CodeDataset/728.java,n
/Users/satya/Desktop/Personal/CodeDataset/729.java,n_square
/Users/satya/Desktop/Personal/CodeDataset/730.java,n_cube
/Users/satya/Desktop/Personal/CodeDataset/731.java,n_square
/Users/satya/Desktop/Personal/CodeDataset/732.java,n_square
/Users/satya/Desktop/Personal/CodeDataset/733.java,1
/Users/satya/Desktop/Personal/CodeDataset/734.java,n_square
/Users/satya/Desktop/Personal/CodeDataset/735.java,n
/Users/satya/Desktop/Personal/CodeDataset/736.java,n
/Users/satya/Desktop/Personal/CodeDataset/737.java,nlogn
/Users/satya/Desktop/Personal/CodeDataset/738.java,n
/Users/satya/Desktop/Personal/CodeDataset/739.java,nlogn
/Users/satya/Desktop/Personal/CodeDataset/740.java,n
/Users/satya/Desktop/Personal/CodeDataset/741.java,n_square
/Users/satya/Desktop/Personal/CodeDataset/742.java,n
/Users/satya/Desktop/Personal/CodeDataset/743.java,1
/Users/satya/Desktop/Personal/CodeDataset/744.java,nlogn
/Users/satya/Desktop/Personal/CodeDataset/745.java,1
/Users/satya/Desktop/Personal/CodeDataset/746.java,n
/Users/satya/Desktop/Personal/CodeDataset/747.java,n
/Users/satya/Desktop/Personal/CodeDataset/748.java,n_squarelogn
/Users/satya/Desktop/Personal/CodeDataset/749.java,nlogn
/Users/satya/Desktop/Personal/CodeDataset/750.java,n
/Users/satya/Desktop/Personal/CodeDataset/751.java,nlogn
/Users/satya/Desktop/Personal/CodeDataset/752.java,n
/Users/satya/Desktop/Personal/CodeDataset/753.java,n
/Users/satya/Desktop/Personal/CodeDataset/754.java,n
/Users/satya/Desktop/Personal/CodeDataset/755.java,nlogn
/Users/satya/Desktop/Personal/CodeDataset/756.java,n
/Users/satya/Desktop/Personal/CodeDataset/757.java,1
/Users/satya/Desktop/Personal/CodeDataset/758.java,n
/Users/satya/Desktop/Personal/CodeDataset/759.java,n_square
/Users/satya/Desktop/Personal/CodeDataset/760.java,nlogn
/Users/satya/Desktop/Personal/CodeDataset/761.java,n
/Users/satya/Desktop/Personal/CodeDataset/762.java,n_square
/Users/satya/Desktop/Personal/CodeDataset/763.java,n
/Users/satya/Desktop/Personal/CodeDataset/764.java,n_square
/Users/satya/Desktop/Personal/CodeDataset/765.java,n
/Users/satya/Desktop/Personal/CodeDataset/766.java,1
/Users/satya/Desktop/Personal/CodeDataset/767.java,nlogn
/Users/satya/Desktop/Personal/CodeDataset/768.java,nlogn
/Users/satya/Desktop/Personal/CodeDataset/769.java,n_square
/Users/satya/Desktop/Personal/CodeDataset/770.java,n
/Users/satya/Desktop/Personal/CodeDataset/771.java,n
/Users/satya/Desktop/Personal/CodeDataset/772.java,n
/Users/satya/Desktop/Personal/CodeDataset/773.java,n
/Users/satya/Desktop/Personal/CodeDataset/774.java,n
/Users/satya/Desktop/Personal/CodeDataset/775.java,1
/Users/satya/Desktop/Personal/CodeDataset/776.java,n
/Users/satya/Desktop/Personal/CodeDataset/777.java,n
/Users/satya/Desktop/Personal/CodeDataset/778.java,rootn
/Users/satya/Desktop/Personal/CodeDataset/779.java,rootn
/Users/satya/Desktop/Personal/CodeDataset/780.java,1
/Users/satya/Desktop/Personal/CodeDataset/781.java,1
/Users/satya/Desktop/Personal/CodeDataset/782.java,1
/Users/satya/Desktop/Personal/CodeDataset/783.java,logn
/Users/satya/Desktop/Personal/CodeDataset/784.java,nlogn
/Users/satya/Desktop/Personal/CodeDataset/785.java,n
/Users/satya/Desktop/Personal/CodeDataset/786.java,n
/Users/satya/Desktop/Personal/CodeDataset/787.java,nlogn
/Users/satya/Desktop/Personal/CodeDataset/788.java,nlogn
/Users/satya/Desktop/Personal/CodeDataset/789.java,n
/Users/satya/Desktop/Personal/CodeDataset/790.java,n_square
/Users/satya/Desktop/Personal/CodeDataset/791.java,1
/Users/satya/Desktop/Personal/CodeDataset/792.java,nlogn
/Users/satya/Desktop/Personal/CodeDataset/793.java,n
/Users/satya/Desktop/Personal/CodeDataset/794.java,logn
/Users/satya/Desktop/Personal/CodeDataset/795.java,n
/Users/satya/Desktop/Personal/CodeDataset/796.java,n
/Users/satya/Desktop/Personal/CodeDataset/797.java,sqrtn
/Users/satya/Desktop/Personal/CodeDataset/798.java,n
/Users/satya/Desktop/Personal/CodeDataset/799.java,n
/Users/satya/Desktop/Personal/CodeDataset/800.java,n
/Users/satya/Desktop/Personal/CodeDataset/801.java,n
/Users/satya/Desktop/Personal/CodeDataset/802.java,1
/Users/satya/Desktop/Personal/CodeDataset/803.java,n
/Users/satya/Desktop/Personal/CodeDataset/804.java,1
/Users/satya/Desktop/Personal/CodeDataset/805.java,nlogn
/Users/satya/Desktop/Personal/CodeDataset/806.java,n
/Users/satya/Desktop/Personal/CodeDataset/807.java,n_square
/Users/satya/Desktop/Personal/CodeDataset/808.java,nlogn
/Users/satya/Desktop/Personal/CodeDataset/809.java,logn
/Users/satya/Desktop/Personal/CodeDataset/810.java,nlogn
/Users/satya/Desktop/Personal/CodeDataset/811.java,n_square
/Users/satya/Desktop/Personal/CodeDataset/812.java,nlogn
/Users/satya/Desktop/Personal/CodeDataset/813.java,1
/Users/satya/Desktop/Personal/CodeDataset/814.java,n
/Users/satya/Desktop/Personal/CodeDataset/815.java,n_square
/Users/satya/Desktop/Personal/CodeDataset/816.java,1
/Users/satya/Desktop/Personal/CodeDataset/817.java,n
/Users/satya/Desktop/Personal/CodeDataset/818.java,nlogn
/Users/satya/Desktop/Personal/CodeDataset/819.java,nlogn
/Users/satya/Desktop/Personal/CodeDataset/820.java,n
/Users/satya/Desktop/Personal/CodeDataset/821.java,n_square
/Users/satya/Desktop/Personal/CodeDataset/822.java,n_square
/Users/satya/Desktop/Personal/CodeDataset/823.java,n_square
/Users/satya/Desktop/Personal/CodeDataset/824.java,n
/Users/satya/Desktop/Personal/CodeDataset/825.java,n
/Users/satya/Desktop/Personal/CodeDataset/826.java,n_square
/Users/satya/Desktop/Personal/CodeDataset/827.java,n
/Users/satya/Desktop/Personal/CodeDataset/828.java,n
/Users/satya/Desktop/Personal/CodeDataset/829.java,n
/Users/satya/Desktop/Personal/CodeDataset/830.java,1
/Users/satya/Desktop/Personal/CodeDataset/831.java,n_square
/Users/satya/Desktop/Personal/CodeDataset/832.java,1
/Users/satya/Desktop/Personal/CodeDataset/833.java,nlogn
/Users/satya/Desktop/Personal/CodeDataset/834.java,nlogn
/Users/satya/Desktop/Personal/CodeDataset/835.java,1
/Users/satya/Desktop/Personal/CodeDataset/836.java,n
/Users/satya/Desktop/Personal/CodeDataset/837.java,n
/Users/satya/Desktop/Personal/CodeDataset/838.java,nlogn
/Users/satya/Desktop/Personal/CodeDataset/839.java,n_square
/Users/satya/Desktop/Personal/CodeDataset/840.java,n_square
/Users/satya/Desktop/Personal/CodeDataset/841.java,n
/Users/satya/Desktop/Personal/CodeDataset/842.java,1
/Users/satya/Desktop/Personal/CodeDataset/843.java,n_square
/Users/satya/Desktop/Personal/CodeDataset/844.java,nlogn
/Users/satya/Desktop/Personal/CodeDataset/845.java,nlogn
/Users/satya/Desktop/Personal/CodeDataset/846.java,n
/Users/satya/Desktop/Personal/CodeDataset/847.java,nlogn
/Users/satya/Desktop/Personal/CodeDataset/848.java,n
/Users/satya/Desktop/Personal/CodeDataset/849.java,n_cube
/Users/satya/Desktop/Personal/CodeDataset/850.java,nlogn
/Users/satya/Desktop/Personal/CodeDataset/851.java,n
/Users/satya/Desktop/Personal/CodeDataset/852.java,n_square
/Users/satya/Desktop/Personal/CodeDataset/853.java,n_cube
/Users/satya/Desktop/Personal/CodeDataset/854.java,n
/Users/satya/Desktop/Personal/CodeDataset/855.java,nlogn
/Users/satya/Desktop/Personal/CodeDataset/856.java,n
/Users/satya/Desktop/Personal/CodeDataset/857.java,n
/Users/satya/Desktop/Personal/CodeDataset/858.java,1
/Users/satya/Desktop/Personal/CodeDataset/859.java,n_square
/Users/satya/Desktop/Personal/CodeDataset/860.java,n
/Users/satya/Desktop/Personal/CodeDataset/861.java,n
/Users/satya/Desktop/Personal/CodeDataset/862.java,nlogn
/Users/satya/Desktop/Personal/CodeDataset/863.java,n_square
/Users/satya/Desktop/Personal/CodeDataset/864.java,n
/Users/satya/Desktop/Personal/CodeDataset/865.java,n_square
/Users/satya/Desktop/Personal/CodeDataset/866.java,nlogn
/Users/satya/Desktop/Personal/CodeDataset/867.java,n
/Users/satya/Desktop/Personal/CodeDataset/868.java,1
/Users/satya/Desktop/Personal/CodeDataset/869.java,n
/Users/satya/Desktop/Personal/CodeDataset/870.java,1
/Users/satya/Desktop/Personal/CodeDataset/871.java,n_cube
/Users/satya/Desktop/Personal/CodeDataset/872.java,nlogn
/Users/satya/Desktop/Personal/CodeDataset/873.java,nlogn
/Users/satya/Desktop/Personal/CodeDataset/874.java,n
/Users/satya/Desktop/Personal/CodeDataset/875.java,n
/Users/satya/Desktop/Personal/CodeDataset/876.java,nlogn
/Users/satya/Desktop/Personal/CodeDataset/877.java,n_square
/Users/satya/Desktop/Personal/CodeDataset/878.java,1
/Users/satya/Desktop/Personal/CodeDataset/879.java,nlogn
/Users/satya/Desktop/Personal/CodeDataset/880.java,n
/Users/satya/Desktop/Personal/CodeDataset/881.java,n
/Users/satya/Desktop/Personal/CodeDataset/882.java,nlogn
/Users/satya/Desktop/Personal/CodeDataset/883.java,n
/Users/satya/Desktop/Personal/CodeDataset/884.java,nlogn
/Users/satya/Desktop/Personal/CodeDataset/885.java,n_square
/Users/satya/Desktop/Personal/CodeDataset/886.java,n
/Users/satya/Desktop/Personal/CodeDataset/887.java,n
/Users/satya/Desktop/Personal/CodeDataset/888.java,nlogn
/Users/satya/Desktop/Personal/CodeDataset/889.java,1
/Users/satya/Desktop/Personal/CodeDataset/890.java,n
/Users/satya/Desktop/Personal/CodeDataset/891.java,n
/Users/satya/Desktop/Personal/CodeDataset/892.java,n
/Users/satya/Desktop/Personal/CodeDataset/893.java,n
/Users/satya/Desktop/Personal/CodeDataset/894.java,n_square
/Users/satya/Desktop/Personal/CodeDataset/895.java,nlogn
/Users/satya/Desktop/Personal/CodeDataset/896.java,n
/Users/satya/Desktop/Personal/CodeDataset/897.java,nlogn
/Users/satya/Desktop/Personal/CodeDataset/898.java,n
/Users/satya/Desktop/Personal/CodeDataset/899.java,n_cube
/Users/satya/Desktop/Personal/CodeDataset/900.java,n
/Users/satya/Desktop/Personal/CodeDataset/901.java,nlogn
/Users/satya/Desktop/Personal/CodeDataset/902.java,n
/Users/satya/Desktop/Personal/CodeDataset/903.java,nlogn
/Users/satya/Desktop/Personal/CodeDataset/904.java,nlogn
/Users/satya/Desktop/Personal/CodeDataset/905.java,n_square
/Users/satya/Desktop/Personal/CodeDataset/906.java,n_square
/Users/satya/Desktop/Personal/CodeDataset/907.java,nlogn
/Users/satya/Desktop/Personal/CodeDataset/908.java,n_square
/Users/satya/Desktop/Personal/CodeDataset/909.java,nlogn
/Users/satya/Desktop/Personal/CodeDataset/910.java,1
/Users/satya/Desktop/Personal/CodeDataset/911.java,n_square
/Users/satya/Desktop/Personal/CodeDataset/912.java,nlogn
/Users/satya/Desktop/Personal/CodeDataset/913.java,n
/Users/satya/Desktop/Personal/CodeDataset/914.java,nlogn
/Users/satya/Desktop/Personal/CodeDataset/915.java,nlogn
/Users/satya/Desktop/Personal/CodeDataset/916.java,n
/Users/satya/Desktop/Personal/CodeDataset/917.java,n
/Users/satya/Desktop/Personal/CodeDataset/918.java,n
/Users/satya/Desktop/Personal/CodeDataset/919.java,nlogn
/Users/satya/Desktop/Personal/CodeDataset/920.java,nlogn
/Users/satya/Desktop/Personal/CodeDataset/921.java,n
/Users/satya/Desktop/Personal/CodeDataset/922.java,n_square
/Users/satya/Desktop/Personal/CodeDataset/923.java,1
/Users/satya/Desktop/Personal/CodeDataset/924.java,nlogn
/Users/satya/Desktop/Personal/CodeDataset/925.java,1
/Users/satya/Desktop/Personal/CodeDataset/926.java,n
/Users/satya/Desktop/Personal/CodeDataset/927.java,logn
/Users/satya/Desktop/Personal/CodeDataset/928.java,n_square
/Users/satya/Desktop/Personal/CodeDataset/929.java,n
/Users/satya/Desktop/Personal/CodeDataset/930.java,nlogn
/Users/satya/Desktop/Personal/CodeDataset/931.java,1
/Users/satya/Desktop/Personal/CodeDataset/932.java,n_square
/Users/satya/Desktop/Personal/CodeDataset/933.java,n_square
/Users/satya/Desktop/Personal/CodeDataset/934.java,nlogn
/Users/satya/Desktop/Personal/CodeDataset/935.java,n
/Users/satya/Desktop/Personal/CodeDataset/936.java,nlogn
/Users/satya/Desktop/Personal/CodeDataset/937.java,n
/Users/satya/Desktop/Personal/CodeDataset/938.java,n
/Users/satya/Desktop/Personal/CodeDataset/939.java,n
/Users/satya/Desktop/Personal/CodeDataset/940.java,n
/Users/satya/Desktop/Personal/CodeDataset/941.java,n
/Users/satya/Desktop/Personal/CodeDataset/942.java,n
/Users/satya/Desktop/Personal/CodeDataset/943.java,n_square
/Users/satya/Desktop/Personal/CodeDataset/944.java,n
/Users/satya/Desktop/Personal/CodeDataset/945.java,nlogn
/Users/satya/Desktop/Personal/CodeDataset/946.java,n
/Users/satya/Desktop/Personal/CodeDataset/947.java,n
/Users/satya/Desktop/Personal/CodeDataset/948.java,n
/Users/satya/Desktop/Personal/CodeDataset/949.java,n_square
/Users/satya/Desktop/Personal/CodeDataset/950.java,n
/Users/satya/Desktop/Personal/CodeDataset/951.java,n
/Users/satya/Desktop/Personal/CodeDataset/952.java,n
/Users/satya/Desktop/Personal/CodeDataset/953.java,nlogn
/Users/satya/Desktop/Personal/CodeDataset/954.java,nlogn
/Users/satya/Desktop/Personal/CodeDataset/955.java,nlogn
/Users/satya/Desktop/Personal/CodeDataset/956.java,nlogn
/Users/satya/Desktop/Personal/CodeDataset/957.java,nlogn
/Users/satya/Desktop/Personal/CodeDataset/958.java,nlogn
/Users/satya/Desktop/Personal/CodeDataset/959.java,nlogn
/Users/satya/Desktop/Personal/CodeDataset/960.java,nlogn
/Users/satya/Desktop/Personal/CodeDataset/961.java,nlogn
/Users/satya/Desktop/Personal/CodeDataset/962.java,nlogn
/Users/satya/Desktop/Personal/CodeDataset/963.java,n
/Users/satya/Desktop/Personal/CodeDataset/964.java,nlogn
/Users/satya/Desktop/Personal/CodeDataset/965.java,n
/Users/satya/Desktop/Personal/CodeDataset/966.java,nlogn
/Users/satya/Desktop/Personal/CodeDataset/967.java,nlogn
/Users/satya/Desktop/Personal/CodeDataset/968.java,n
/Users/satya/Desktop/Personal/CodeDataset/969.java,n
/Users/satya/Desktop/Personal/CodeDataset/970.java,n
/Users/satya/Desktop/Personal/CodeDataset/971.java,n
/Users/satya/Desktop/Personal/CodeDataset/972.java,n
/Users/satya/Desktop/Personal/CodeDataset/973.java,n
/Users/satya/Desktop/Personal/CodeDataset/974.java,n
/Users/satya/Desktop/Personal/CodeDataset/975.java,nlogn
/Users/satya/Desktop/Personal/CodeDataset/976.java,n
/Users/satya/Desktop/Personal/CodeDataset/977.java,n
/Users/satya/Desktop/Personal/CodeDataset/978.java,n
/Users/satya/Desktop/Personal/CodeDataset/979.java,n
/Users/satya/Desktop/Personal/CodeDataset/980.java,nlogn
/Users/satya/Desktop/Personal/CodeDataset/981.java,n
/Users/satya/Desktop/Personal/CodeDataset/982.java,n_cube
/Users/satya/Desktop/Personal/CodeDataset/983.java,n_cube
/Users/satya/Desktop/Personal/CodeDataset/984.java,n_cube
/Users/satya/Desktop/Personal/CodeDataset/985.java,n_cube
/Users/satya/Desktop/Personal/CodeDataset/986.java,n_square
/Users/satya/Desktop/Personal/CodeDataset/987.java,n_square
/Users/satya/Desktop/Personal/CodeDataset/988.java,n_square
/Users/satya/Desktop/Personal/CodeDataset/989.java,n_square
/Users/satya/Desktop/Personal/CodeDataset/990.java,n_square
/Users/satya/Desktop/Personal/CodeDataset/991.java,n_square
/Users/satya/Desktop/Personal/CodeDataset/992.java,n_square
/Users/satya/Desktop/Personal/CodeDataset/993.java,n_square
/Users/satya/Desktop/Personal/CodeDataset/994.java,n
/Users/satya/Desktop/Personal/CodeDataset/995.java,1
/Users/satya/Desktop/Personal/CodeDataset/996.java,1
/Users/satya/Desktop/Personal/CodeDataset/997.java,n
/Users/satya/Desktop/Personal/CodeDataset/998.java,n
/Users/satya/Desktop/Personal/CodeDataset/999.java,n
/Users/satya/Desktop/Personal/CodeDataset/1000.java,n
/Users/satya/Desktop/Personal/CodeDataset/1001.java,1
/Users/satya/Desktop/Personal/CodeDataset/1002.java,n
/Users/satya/Desktop/Personal/CodeDataset/1003.java,n
/Users/satya/Desktop/Personal/CodeDataset/1004.java,n
/Users/satya/Desktop/Personal/CodeDataset/1005.java,n
/Users/satya/Desktop/Personal/CodeDataset/1006.java,n
/Users/satya/Desktop/Personal/CodeDataset/1007.java,n
/Users/satya/Desktop/Personal/CodeDataset/1008.java,n
/Users/satya/Desktop/Personal/CodeDataset/1009.java,n
/Users/satya/Desktop/Personal/CodeDataset/1010.java,n
/Users/satya/Desktop/Personal/CodeDataset/1011.java,n
/Users/satya/Desktop/Personal/CodeDataset/1012.java,n
/Users/satya/Desktop/Personal/CodeDataset/1013.java,n_square
/Users/satya/Desktop/Personal/CodeDataset/1014.java,n_square
/Users/satya/Desktop/Personal/CodeDataset/1015.java,n_square
/Users/satya/Desktop/Personal/CodeDataset/1016.java,n_square
/Users/satya/Desktop/Personal/CodeDataset/1017.java,n_square
/Users/satya/Desktop/Personal/CodeDataset/1018.java,n_square
/Users/satya/Desktop/Personal/CodeDataset/1019.java,nlogn
/Users/satya/Desktop/Personal/CodeDataset/1020.java,nlogn
/Users/satya/Desktop/Personal/CodeDataset/1021.java,n
/Users/satya/Desktop/Personal/CodeDataset/1022.java,n
/Users/satya/Desktop/Personal/CodeDataset/1023.java,n
/Users/satya/Desktop/Personal/CodeDataset/1024.java,nlogn
/Users/satya/Desktop/Personal/CodeDataset/1025.java,n
/Users/satya/Desktop/Personal/CodeDataset/1026.java,n
/Users/satya/Desktop/Personal/CodeDataset/1027.java,n
/Users/satya/Desktop/Personal/CodeDataset/1028.java,n
/Users/satya/Desktop/Personal/CodeDataset/1029.java,n
/Users/satya/Desktop/Personal/CodeDataset/1030.java,nlogn
/Users/satya/Desktop/Personal/CodeDataset/1031.java,nlogn
/Users/satya/Desktop/Personal/CodeDataset/1032.java,nlogn
/Users/satya/Desktop/Personal/CodeDataset/1033.java,nlogn
/Users/satya/Desktop/Personal/CodeDataset/1034.java,nlogn
/Users/satya/Desktop/Personal/CodeDataset/1035.java,n_square
/Users/satya/Desktop/Personal/CodeDataset/1036.java,n_square
/Users/satya/Desktop/Personal/CodeDataset/1037.java,n_square
/Users/satya/Desktop/Personal/CodeDataset/1038.java,n_square
/Users/satya/Desktop/Personal/CodeDataset/1039.java,n_square